player,gir_pct,driving_accuracy,scoring_avg,birdie_rate_per_hole
Tim Widing,0.6609999999999999,0.5579999999999999,71.0,0.2186111111111111
Cameron Percy,0.6940000000000001,0.635,70.5,0.18905555555555556
Doug Ghim,0.71295,0.6575,69.72500000000001,0.2186722222222222
Ryan Fox,0.6472941176470589,0.523,70.22941176470587,0.2165457516339869
J.T. Poston,0.66565,0.6510999999999999,70.035,0.2169472222222222
Steven Fisk,0.7170000000000001,0.609,69.8,0.21194444444444444
Alex Noren,0.675125,0.604625,69.625,0.20807638888888888
Zecheng Dou,0.6759999999999999,0.545,70.5,0.21766666666666667
Brian Harman,0.6600999999999999,0.6479999999999999,69.99,0.21064166666666664
Adam Scott,0.6613,0.5754999999999999,70.22999999999999,0.21936111111111112
Brendon Todd,0.642625,0.68025,70.1,0.2109305555555555
Henrik Norlander,0.6969000000000001,0.6489499999999999,69.96,0.20725277777777779
Ryan Armour,0.691,0.711,70.7,0.19444444444444445
Danny Willett,0.612,0.58,71.2,0.17577777777777778
Chez Reavie,0.6887499999999999,0.6742499999999999,70.4875,0.19862499999999997
Will Zalatoris,0.653,0.6,70.5,0.1905
S.Y. Noh,0.667,0.526,70.6,0.21566666666666665
Trevor Cone,0.6991999999999999,0.5855999999999999,70.44,0.20946666666666666
Tom Whitney,0.6920000000000001,0.654,70.7,0.2167222222222222
Troy Merritt,0.6579999999999999,0.6598749999999999,70.5125,0.21498611111111113
Tyrrell Hatton,0.664,0.594,69.4,0.22577777777777777
Andrew Novak,0.6476500000000001,0.5778,70.03,0.21192499999999997
Gary Woodland,0.6726,0.5788,70.28,0.20559444444444447
Hayden Springer,0.6687058823529413,0.5841176470588235,69.91176470588235,0.23495751633986928
Jason Dufner,0.6859999999999999,0.58,70.9,0.20450000000000002
Vince Whaley,0.679,0.5575882352941176,69.48823529411764,0.22522875816993465
Josh Teater,0.684,0.637,71.4,0.19088888888888889
Matthew Riedel,0.682,0.597,71.1,0.1995
James Hahn,0.6829999999999999,0.6459999999999999,70.9,0.19861111111111113
Hideki Matsuyama,0.6613000000000001,0.58725,69.765,0.22032777777777776
Séamus Power,0.68185,0.6320999999999999,69.91000000000001,0.2147
Andrew Putnam,0.6986,0.69165,69.735,0.209825
Adam Hadwin,0.6608499999999999,0.6226999999999999,70.37,0.2166722222222222
Sean O'Hair,0.6659999999999999,0.624,70.6,0.21155555555555552
Tano Goya,0.687,0.616,70.1,0.23394444444444445
Victor Perez,0.685,0.601,69.8,0.19755555555555557
Justin Suh,0.667375,0.6327499999999999,70.2875,0.22750694444444441
Jimmy Walker,0.6409999999999999,0.523,70.9,0.19766666666666666
Paul Barjon,0.63,0.575,71.7,0.19783333333333333
Will Gordon,0.6968000000000001,0.588,70.49999999999999,0.19846666666666665
Chesson Hadley,0.6873750000000001,0.5904999999999999,70.02499999999999,0.22100694444444444
Martin Trainer,0.632625,0.5565,71.31249999999999,0.19655555555555554
Jon Rahm,0.705,0.5770000000000001,68.8,0.24961111111111112
Ryan McCormick,0.685,0.551,70.8,0.21438888888888888
Billy Horschel,0.6553749999999999,0.6335,70.02499999999999,0.208375
Sahith Theegala,0.6607000000000001,0.5687,70.475,0.2228
David Lingmerth,0.61,0.67,71.1,0.19505555555555557
Aaron Baddeley,0.6429999999999999,0.5763749999999999,70.425,0.20266666666666663
John Pak,0.672,0.677,70.5,0.20888888888888887
Ben Kohles,0.7204705882352942,0.7236470588235294,69.87647058823529,0.21387908496732028
Sam Burns,0.6537499999999999,0.6001,69.66,0.23503333333333332
Pierceson Coody,0.7117058823529412,0.6185882352941175,69.32352941176471,0.24350326797385619
Cam Davis,0.63605,0.55925,70.77499999999999,0.21345555555555554
Vincent Norrman,0.6856249999999999,0.5811249999999999,71.0625,0.18749999999999997
Thorbjørn Olesen,0.693764705882353,0.6171176470588235,69.75294117647059,0.21932679738562091
Kristoffer Ventura,0.696,0.627,69.8,0.22683333333333333
Austin Smotherman,0.7065,0.63975,70.0875,0.21180555555555555
Sam Ryder,0.66535,0.61555,69.925,0.22988611111111112
Thriston Lawrence,0.6709999999999999,0.63,71.1,0.1955
Ben Taylor,0.641125,0.529625,71.14999999999999,0.19114583333333332
Alex Smalley,0.69265,0.6282,69.65,0.22560833333333336
Kevin Streelman,0.675375,0.6261249999999999,70.44999999999999,0.20400000000000001
Denny McCarthy,0.6552500000000001,0.61355,69.97,0.20878888888888888
Keith Mitchell,0.70055,0.6051,69.435,0.24231666666666668
Harrison Endycott,0.662,0.624,70.7,0.2041111111111111
Niklas Nørgaard,0.6990000000000001,0.516,70.2,0.22511111111111107
Lanto Griffin,0.6854,0.61965,70.36,0.21158333333333332
Rasmus Højgaard,0.6679999999999999,0.557,70.2,0.22977777777777778
Rikuya Hoshino,0.647,0.622,70.1,0.22972222222222224
Braden Thornberry,0.638,0.537,71.0,0.19305555555555556
Luke Clanton,0.706,0.591,69.9,0.2165
Jhonattan Vegas,0.6841764705882352,0.5564117647058824,70.35882352941175,0.2148725490196078
Russell Knox,0.7170000000000001,0.627,70.4,0.1963888888888889
Stewart Cink,0.66,0.527,70.5,0.20766666666666667
Chad Ramey,0.6844,0.6393,70.025,0.2174611111111111
Doc Redman,0.6990000000000001,0.622,70.7,0.2101111111111111
Jorge Campillo,0.6629999999999999,0.618,69.9,0.20622222222222222
Daniel Berger,0.6908235294117648,0.6757647058823529,70.09411764705882,0.2114313725490196
Taylor Montgomery,0.6273500000000001,0.51275,69.95,0.23351388888888888
Tyler Duncan,0.688,0.6715,70.4125,0.19640277777777776
Karl Vilips,0.677,0.5660000000000001,70.2,0.2195555555555556
Patton Kizzire,0.6796499999999999,0.6093,70.075,0.22886666666666666
Lucas Glover,0.6709,0.687,70.14,0.21735
Wilson Furr,0.665,0.542,70.9,0.20149999999999998
Min Woo Lee,0.6427058823529412,0.5605882352941177,70.45294117647057,0.2125032679738562
Andrew Landry,0.64,0.642,71.4,0.18611111111111112
Davis Thompson,0.6926,0.62995,69.825,0.22646666666666662
Richy Werenski,0.628,0.584,71.0,0.20816666666666667
Cameron Champ,0.6867499999999999,0.60525,70.475,0.2002361111111111
Aldrich Potgieter,0.645,0.556,70.6,0.21716666666666662
Tony Finau,0.6655500000000001,0.5784499999999999,70.45,0.21529444444444443
Russell Henley,0.6873499999999999,0.69485,69.425,0.22409166666666663
Rico Hoey,0.7245294117647059,0.6646470588235295,69.35882352941177,0.23348039215686273
Nick Dunlap,0.650764705882353,0.5230588235294118,71.03529411764706,0.21458169934640522
Satoshi Kodaira,0.691,0.71,70.1,0.22044444444444447
Matthias Schwab,0.6559999999999999,0.615,71.0,0.18661111111111112
Matt McCarty,0.6679999999999999,0.6509999999999999,69.7,0.2346666666666667
Scottie Scheffler,0.7230000000000001,0.6384,68.045,0.2611861111111111
Patrick Cantlay,0.68245,0.59765,69.675,0.23169444444444445
Thomas Detry,0.64725,0.575,70.345,0.20834444444444444
Robert MacIntyre,0.6790588235294118,0.6005882352941176,69.47058823529412,0.2232679738562091
Eric Cole,0.6402,0.57185,70.00999999999999,0.22714722222222222
David Skinns,0.6901176470588236,0.576,70.27058823529413,0.21044444444444443
Ben Silverman,0.6819411764705883,0.6381764705882353,69.89411764705882,0.21307516339869279
Dylan Frittelli,0.596,0.47,71.8,0.18733333333333332
Hank Lebioda,0.6759999999999999,0.5870000000000001,71.5,0.18122222222222223
Jim Herman,0.675,0.659,71.5,0.18255555555555555
Taylor Pendrith,0.68575,0.5791000000000001,69.935,0.2209638888888889
Mackenzie Hughes,0.65065,0.5607499999999999,70.19500000000001,0.20341944444444446
Matti Schmid,0.68875,0.5843499999999999,70.00500000000001,0.23301666666666665
Mac Meissner,0.6816470588235295,0.6065882352941177,69.7529411764706,0.2159313725490196
Danny Walker,0.65,0.5589999999999999,70.5,0.2367222222222222
Emiliano Grillo,0.67775,0.6621,70.02,0.21519999999999997
Ryan Gerard,0.6579999999999999,0.634,70.1,0.20183333333333334
Stephan Jaeger,0.65955,0.56655,70.09,0.22657777777777777
Sung Kang,0.672,0.521,71.2,0.20183333333333334
Matteo Manassero,0.65,0.601,70.2,0.19122222222222224
Cristobal Del Solar,0.638,0.517,71.2,0.20233333333333334
Cody Gribble,0.675,0.605,70.5,0.21188888888888893
Viktor Hovland,0.6756,0.6259,69.83500000000001,0.2362
Jason Day,0.65455,0.61215,69.915,0.21980277777777776
Joel Dahmen,0.6921499999999999,0.69035,70.115,0.2104972222222222
Antoine Rozner,0.6990000000000001,0.585,70.2,0.21705555555555558
Brian Stuard,0.624,0.647,71.2,0.1895
Dylan Wu,0.6896249999999999,0.6077499999999999,69.98749999999998,0.2244722222222222
Beau Hossler,0.6611,0.5650499999999999,69.89999999999999,0.22230555555555556
William Mouw,0.706,0.619,69.7,0.22755555555555557
Kyle Westmoreland,0.665,0.47600000000000003,71.2,0.20044444444444445
Bud Cauley,0.6728235294117648,0.6134705882352941,69.98235294117647,0.21077777777777779
Joe Highsmith,0.6422941176470588,0.6189411764705882,70.65882352941176,0.21713725490196079
Ben Martin,0.6836000000000001,0.6202,70.02,0.21815555555555552
Corey Conners,0.69625,0.6524499999999999,69.905,0.21761666666666662
Justin Rose,0.64095,0.60305,70.44,0.22390277777777778
Luke List,0.6794,0.6072,70.55,0.2031611111111111
J.J. Spaun,0.7,0.6218,69.565,0.2258027777777778
Erik van Rooyen,0.6779,0.5926999999999999,70.285,0.22289722222222222
Harry Hall,0.6556000000000001,0.5733499999999999,69.08,0.24879166666666663
Brandt Snedeker,0.6581764705882354,0.6694117647058823,70.4,0.2063496732026144
Raul Pereda,0.573,0.568,72.1,0.16444444444444445
Keegan Bradley,0.6644,0.6124,69.985,0.21710555555555555
Brian Campbell,0.612,0.6679999999999999,71.1,0.20672222222222222
Camilo Villegas,0.6481764705882352,0.5455294117647059,70.99411764705883,0.21446078431372548
S.H. Kim,0.6265,0.5674999999999999,70.2375,0.22336111111111112
Carl Yuan,0.6467499999999999,0.5742499999999998,70.87499999999999,0.20768750000000002
Parker Coody,0.6609999999999999,0.5329999999999999,70.4,0.1887222222222222
Max Homa,0.658,0.5946499999999999,70.41499999999999,0.21714166666666665
Michael Kim,0.6678,0.58655,70.02499999999999,0.20822500000000002
Kevin Kisner,0.623,0.622,71.8,0.1773888888888889
Xander Schauffele,0.679,0.57185,69.55,0.22588611111111112
Adrien Dumont de Chassart,0.662,0.555,70.5,0.20777777777777778
Kelly Kraft,0.67,0.667,70.5,0.20372222222222222
Charley Hoffman,0.67525,0.5738749999999999,70.05,0.2255347222222222
Tom Kim,0.6507499999999999,0.6234999999999999,70.38499999999999,0.20993333333333333
Ben Griffin,0.69305,0.592,69.235,0.2278972222222222
Kaito Onishi,0.631,0.599,71.2,0.18705555555555556
Ryan Palmer,0.63185,0.615,71.36,0.1968333333333333
Kevin Roy,0.6890000000000001,0.64,69.69999999999999,0.21973333333333334
Tyson Alexander,0.634625,0.552375,71.0375,0.20522916666666668
Lee Hodges,0.6957,0.6469,69.7,0.21132777777777778
Lucas Herbert,0.621,0.5579999999999999,70.6,0.21505555555555556
Brent Grant,0.684,0.636,71.1,0.21494444444444447
Frankie Capan III,0.601,0.458,71.2,0.19405555555555554
Max McGreevy,0.6776,0.6688,70.08,0.21681111111111107
Carson Young,0.6954,0.6778500000000001,69.96499999999999,0.223775
Cameron Young,0.6542,0.56105,70.145,0.23465
Mark Hubbard,0.6778,0.63115,69.86,0.22381666666666664
Mason Andersen,0.642,0.5870000000000001,70.9,0.19916666666666666
Hayden Buckley,0.67555,0.655,70.65499999999999,0.2031722222222222
Callum Tarren,0.668875,0.521375,70.91249999999998,0.2011736111111111
Austin Cook,0.652,0.653,70.6,0.20327777777777778
Trey Mullinax,0.6853999999999999,0.5186000000000001,70.3,0.22356666666666666
Robert Streb,0.665,0.57,70.6,0.19
Trevor Werbylo,0.6409999999999999,0.514,71.3,0.18605555555555556
Sepp Straka,0.69225,0.6659499999999999,69.85499999999999,0.22634166666666666
David Lipsky,0.677,0.64385,70.355,0.20677222222222222
Sam Stevens,0.6734500000000001,0.5903999999999999,69.955,0.2097972222222222
Kevin Velo,0.669,0.643,71.1,0.20255555555555554
Shane Lowry,0.6695499999999999,0.639,70.11999999999999,0.20259444444444444
Peter Malnati,0.6166999999999999,0.49775,71.03,0.19543055555555555
Thomas Rosenmueller,0.722,0.624,69.9,0.22222222222222224
Si Woo Kim,0.66255,0.6705,69.705,0.2243111111111111
Ryan Brehm,0.655,0.5449999999999999,71.62499999999999,0.18538194444444442
Byeong Hun An,0.6599499999999998,0.5373499999999999,70.19500000000001,0.2190416666666667
Scott Harrington,0.664,0.527,71.1,0.216
Jordan Spieth,0.6483499999999999,0.5897999999999999,70.14999999999999,0.21776944444444443
Maverick McNealy,0.6729999999999999,0.5896499999999999,69.715,0.21814166666666668
Wyndham Clark,0.6603500000000001,0.55335,69.86999999999999,0.23151666666666665
Kevin Dougherty,0.688,0.562,70.7,0.20083333333333334
Webb Simpson,0.624375,0.6013749999999999,70.875,0.19390972222222222
Kevin Yu,0.71185,0.6213,69.515,0.23275555555555552
Erik Barnes,0.616,0.537,71.7,0.19733333333333333
Kevin Chappell,0.6822499999999999,0.579625,70.3125,0.20744444444444443
Ricky Castillo,0.695,0.606,69.7,0.22155555555555553
Harris English,0.66185,0.62745,69.98,0.20001111111111108
Paul Peterson,0.674,0.731,70.0,0.2205
Patrick Rodgers,0.6700999999999999,0.5889,69.80499999999999,0.22269444444444442
Jackson Suber,0.684,0.573,70.1,0.2215
Brandon Wu,0.680375,0.6184999999999999,70.1125,0.2164861111111111
Garrick Higgo,0.6997000000000001,0.5772999999999999,69.47500000000001,0.2518111111111111
C.T. Pan,0.688125,0.6327499999999999,69.7625,0.20705555555555552
Taylor Dickson,0.636,0.615,71.4,0.18572222222222223
MJ Daffue,0.67,0.585,70.5,0.22383333333333336
Chandler Phillips,0.6511764705882354,0.6221176470588234,70.03529411764706,0.21481045751633987
Will Chandler,0.634,0.61,71.6,0.19038888888888889
Isaiah Salinda,0.6890000000000001,0.621,70.4,0.22905555555555554
Matthieu Pavon,0.6557647058823529,0.6291764705882352,71.20588235294117,0.19416666666666668
Tom Hoge,0.64775,0.60355,70.475,0.21685277777777778
Chris Kirk,0.67255,0.62305,70.11999999999999,0.21502222222222223
Nick Watney,0.635,0.485,72.0,0.18055555555555555
Sungjae Im,0.6381,0.6615000000000001,69.965,0.2248638888888889
Tommy Fleetwood,0.6599499999999999,0.6581,69.525,0.22110277777777776
Adam Svensson,0.6876,0.65595,70.125,0.20171666666666663
Christiaan Bezuidenhout,0.6519,0.6339999999999999,70.05,0.19931944444444444
Scott Stallings,0.659,0.564,70.9,0.1885
Zach Johnson,0.6799999999999999,0.6798,70.27,0.20326944444444445
Adam Long,0.6629999999999999,0.6729999999999999,70.4,0.205
Alejandro Tosti,0.6467647058823529,0.5515882352941176,70.40588235294118,0.21310457516339867
Max Greyserman,0.6631176470588235,0.5677058823529411,69.94705882352942,0.23418954248366014
Nate Lashley,0.68335,0.61915,70.005,0.19876666666666667
Michael Thorbjornsen,0.736,0.642,69.2,0.2416111111111111
Chris Gotterup,0.6953529411764706,0.5387647058823529,69.53529411764706,0.2228169934640523
Jonathan Byrd,0.652,0.613,70.8,0.1907222222222222
Quade Cummins,0.662,0.578,70.2,0.21044444444444446
Kramer Hickok,0.6859999999999999,0.634,70.4,0.1918888888888889
Michael Gligic,0.642,0.526,71.8,0.17277777777777778
Matt Fitzpatrick,0.65885,0.6106999999999999,70.16,0.21019166666666667
Matt Kuchar,0.66565,0.6562,69.835,0.21417499999999998
Wesley Bryan,0.6796249999999999,0.5812499999999999,70.04999999999998,0.23186111111111107
Matt NeSmith,0.7018749999999999,0.6329999999999999,70.4875,0.19255555555555554
Jesper Svensson,0.677,0.5670000000000001,69.6,0.23905555555555555
Rafael Campos,0.6448823529411766,0.5710588235294117,71.34705882352942,0.20344771241830067
Ludvig Åberg,0.6774,0.6112500000000001,69.595,0.23607777777777778
Scott Piercy,0.652,0.603,70.2,0.22166666666666668
William McGirt,0.6579999999999999,0.657,70.6,0.1981111111111111
Robby Shelton,0.65,0.5953749999999999,70.29999999999998,0.21554166666666666
Paul Haley II,0.648,0.6579999999999999,71.2,0.1902222222222222
Brice Garnett,0.7041,0.68955,69.95,0.20425277777777776
Kurt Kitayama,0.67375,0.5722999999999999,69.56,0.2267694444444444
Harry Higgs,0.6509999999999999,0.5814,70.82,0.21276666666666666
Jeremy Paul,0.691,0.5760000000000001,69.8,0.21472222222222223
Austin Eckroat,0.6780499999999999,0.6628,70.275,0.21513333333333332
Adam Schenk,0.65515,0.5711999999999999,70.4,0.21084999999999998
Nicolai Højgaard,0.6884117647058824,0.535235294117647,70.0,0.22747385620915034
Nick Taylor,0.6738,0.6416,69.985,0.20980833333333332
Roger Sloan,0.6729999999999999,0.642,70.3,0.21177777777777776
Collin Morikawa,0.6847000000000001,0.70145,69.645,0.22915555555555556
Taylor Moore,0.67015,0.5855999999999999,70.095,0.21461388888888888
Nick Hardy,0.7035,0.5842499999999999,70.315,0.2107972222222222
Greyson Sigg,0.7044999999999999,0.6475,69.86,0.20194722222222222
Augusto Núñez,0.685,0.564,70.8,0.19477777777777777
Davis Riley,0.63835,0.56045,70.595,0.21502500000000002
Chan Kim,0.6858235294117648,0.6198823529411764,69.86470588235294,0.21991503267973855
Noah Goodwin,0.68,0.6679999999999999,70.1,0.21594444444444444
Jacob Bridgeman,0.6614117647058824,0.6027647058823529,69.7235294117647,0.22919934640522877
Rickie Fowler,0.65645,0.62145,69.96499999999999,0.21996388888888888
Ryan Moore,0.69025,0.702875,70.175,0.20526388888888886
K.H. Lee,0.680375,0.6191249999999999,69.875,0.2111388888888889
Brandon Matthews,0.644,0.474,72.2,0.19211111111111112
Matt Wallace,0.67685,0.5796499999999999,69.88499999999999,0.21033888888888888
Blaine Hale Jr.,0.653,0.535,71.4,0.20305555555555554
Joseph Bramlett,0.6947999999999999,0.5535,69.975,0.22285277777777773
Trace Crowe,0.665,0.6,70.0,0.24022222222222223
Justin Thomas,0.65435,0.5420999999999999,69.78,0.24039166666666664
Patrick Fishburn,0.7236470588235294,0.5959411764705882,69.65294117647059,0.21907843137254904
Chris Stroud,0.687,0.603,70.5,0.1958888888888889
Kevin Tway,0.694,0.586625,69.8625,0.20154861111111108
Akshay Bhatia,0.6759000000000001,0.6226,69.84,0.23246944444444445
Aaron Rai,0.7063999999999999,0.72645,69.795,0.21413333333333331
Justin Lower,0.6770999999999999,0.6275999999999999,70.24499999999999,0.218975
Nico Echavarria,0.677,0.6398,69.875,0.2238388888888889
Jake Knapp,0.6695294117647058,0.5577647058823529,69.88235294117646,0.23601960784313725
Ryo Hisatsune,0.6969411764705883,0.6248235294117648,69.98235294117647,0.20726797385620915
Zac Blair,0.6739,0.6792499999999999,70.02000000000001,0.21659444444444445
Sami Välimäki,0.6785294117647059,0.6166470588235294,69.90588235294118,0.22375816993464054
Martin Laird,0.6947500000000001,0.627375,70.15,0.21585416666666668
Takumi Kanaya,0.6629999999999999,0.741,69.7,0.20850000000000005
Rory McIlroy,0.6723,0.5378999999999999,69.22,0.23296944444444445
