tournament,round,player,category
Baycurrent Classic,2,Johnny Keefer,birdies
Baycurrent Classic,2,Kurt Kitayama,birdies
Baycurrent Classic,2,Justin Thomas,birdies
Baycurrent Classic,2,Adam Scott,birdies
Baycurrent Classic,2,Ryan Gerard,birdies
Baycurrent Classic,2,Brian Harman,birdies
Baycurrent Classic,2,Hideki Matsuyama,birdies
Baycurrent Classic,2,Keith Mitchell,birdies
Baycurrent Classic,2,Mac Meissner,birdies
Baycurrent Classic,2,Ricky Castillo,birdies
Baycurrent Classic,2,Michael Thorbjornsen,birdies
Baycurrent Classic,2,Michael Brennan,birdies
Baycurrent Classic,2,Maverick McNealy,birdies
Baycurrent Classic,2,Jacob Bridgeman,birdies
