date,tournament,round,player,category,line,source,model_prob,picked_side,actual_value,result,fairways_estimated
2026-10-04,Bank of Utah Championship,4,Ben Kohles,birdies,5.5,prizepicks,0.5029000752604937,under,5.0,hit,False
2026-10-04,Bank of Utah Championship,4,Ben Kohles,strokes,67.5,prizepicks,0.5286265199988609,over,67.0,miss,False
2026-10-04,Bank of Utah Championship,4,David Lipsky,strokes,68.5,prizepicks,0.5605535926435488,under,69.0,miss,False
2026-10-04,Bank of Utah Championship,4,Kevin Roy,strokes,67.5,prizepicks,0.5517088352908315,over,70.0,hit,False
2026-10-04,Bank of Utah Championship,4,Billy Horschel,strokes,67.5,prizepicks,0.5398840643547613,over,65.0,miss,False
2026-10-04,Bank of Utah Championship,4,Max Homa,birdies,5.5,prizepicks,0.523134623855069,over,5.0,miss,False
2026-10-04,Bank of Utah Championship,4,Max Homa,strokes,67.5,prizepicks,0.5662336186386312,over,68.0,hit,False
2026-10-04,Bank of Utah Championship,4,Jackson Suber,birdies,5.5,prizepicks,0.5429650497269506,over,4.0,miss,False
2026-10-04,Bank of Utah Championship,4,Jackson Suber,strokes,67.5,prizepicks,0.546979250925931,over,70.0,hit,False
2026-10-04,Bank of Utah Championship,4,Stephan Jaeger,gir,13.5,prizepicks,0.5054428898229548,over,14.0,hit,False
2026-10-04,Bank of Utah Championship,4,Stephan Jaeger,birdies,5.5,prizepicks,0.5387306967183849,over,4.0,miss,False
2026-10-04,Bank of Utah Championship,4,Stephan Jaeger,strokes,67.5,prizepicks,0.5392386755071017,over,72.0,hit,False
2026-10-04,Bank of Utah Championship,4,Austin Smotherman,gir,14.0,prizepicks,0.6422754690130412,under,16.0,miss,False
2026-10-04,Bank of Utah Championship,4,Austin Smotherman,fairways,13.0,prizepicks,0.9055540159697404,under,13.0,push,True
2026-10-04,Bank of Utah Championship,4,Austin Smotherman,birdies,5.0,prizepicks,0.5118879722106522,over,6.0,hit,False
2026-10-04,Bank of Utah Championship,4,Austin Smotherman,strokes,68.0,prizepicks,0.5208641209201538,under,68.0,push,False
2026-10-04,Bank of Utah Championship,4,Rico Hoey,gir,14.0,prizepicks,0.5696883330754225,under,17.0,miss,False
2026-10-04,Bank of Utah Championship,4,Rico Hoey,fairways,12.0,prizepicks,0.6281564447453687,under,13.0,miss,True
2026-10-04,Bank of Utah Championship,4,Rico Hoey,strokes,67.5,prizepicks,0.544500063644343,under,67.0,hit,False
2026-10-04,Bank of Utah Championship,4,Chris Kirk,gir,14.0,prizepicks,0.6959472800238884,under,14.0,push,False
2026-10-04,Bank of Utah Championship,4,Chris Kirk,fairways,12.0,prizepicks,0.6933377501887386,under,11.0,hit,True
2026-10-04,Bank of Utah Championship,4,Chris Kirk,strokes,67.5,prizepicks,0.547716088236517,over,70.0,hit,False
2026-10-04,Bank of Utah Championship,4,Trace Crowe,gir,13.5,prizepicks,0.5128833008915155,under,15.0,miss,False
2026-10-04,Bank of Utah Championship,4,Trace Crowe,fairways,12.0,prizepicks,0.7246821476221558,under,12.0,push,True
2026-10-04,Bank of Utah Championship,4,Trace Crowe,birdies,4.5,prizepicks,0.7366601149724471,over,6.0,hit,False
2026-10-04,Bank of Utah Championship,4,Trace Crowe,strokes,68.0,prizepicks,0.5229246727927646,under,66.0,hit,False
2026-10-04,Bank of Utah Championship,4,Steven Fisk,gir,14.0,prizepicks,0.6272862940415354,under,15.0,miss,False
2026-10-04,Bank of Utah Championship,4,Steven Fisk,fairways,12.0,prizepicks,0.7288754949030108,under,13.0,miss,True
2026-10-04,Bank of Utah Championship,4,Steven Fisk,birdies,5.5,prizepicks,0.5252546043631696,under,5.0,hit,False
2026-10-04,Bank of Utah Championship,4,Steven Fisk,strokes,68.0,prizepicks,0.5123013984207488,under,67.0,hit,False
2026-10-04,Bank of Utah Championship,4,Kevin Streelman,fairways,12.0,prizepicks,0.7058726668975861,under,14.0,miss,True
2026-10-04,Bank of Utah Championship,4,Kevin Streelman,birdies,4.5,prizepicks,0.6686985397640423,over,5.0,hit,False
2026-10-04,Bank of Utah Championship,4,Kevin Streelman,strokes,68.0,prizepicks,0.5568831115687749,over,67.0,miss,False
2026-10-04,Bank of Utah Championship,4,Doug Ghim,gir,14.0,prizepicks,0.6080438137563899,under,13.0,hit,False
2026-10-04,Bank of Utah Championship,4,Doug Ghim,fairways,12.5,prizepicks,0.6271888271870185,under,14.0,miss,True
2026-10-04,Bank of Utah Championship,4,Doug Ghim,birdies,5.5,prizepicks,0.5112201069537925,under,5.0,hit,False
2026-10-04,Bank of Utah Championship,4,Doug Ghim,strokes,67.0,prizepicks,0.6314395503198071,over,69.0,hit,False
2026-10-07,Baycurrent Classic,1,Takumi Kanaya,strokes,69.0,prizepicks,0.5169178178956749,under,70.0,miss,False
2026-10-07,Baycurrent Classic,1,Ben Kohles,strokes,68.5,prizepicks,0.5920729752464914,over,71.0,hit,False
2026-10-07,Baycurrent Classic,1,Collin Morikawa,strokes,67.5,prizepicks,0.6923288243298881,over,67.0,miss,False
2026-10-07,Baycurrent Classic,1,Alex Smalley,strokes,68.5,prizepicks,0.5416195400458739,over,71.0,hit,False
2026-10-07,Baycurrent Classic,1,Sungjae Im,strokes,68.0,prizepicks,0.6636585594316602,over,69.0,hit,False
2026-10-07,Baycurrent Classic,1,Brian Harman,strokes,68.5,prizepicks,0.6023658511416196,over,69.0,hit,False
2026-10-07,Baycurrent Classic,1,Michael Thorbjornsen,strokes,68.0,prizepicks,0.574825457748895,over,66.0,miss,False
2026-10-07,Baycurrent Classic,1,Ryan Gerard,strokes,68.0,prizepicks,0.6816388415905366,over,68.0,push,False
2026-10-07,Baycurrent Classic,1,Kevin Yu,strokes,68.5,prizepicks,0.5536210301825855,over,74.0,hit,False
2026-10-07,Baycurrent Classic,1,Rickie Fowler,strokes,68.5,prizepicks,0.5997142248754725,over,73.0,hit,False
2026-10-07,Baycurrent Classic,1,Pierceson Coody,strokes,69.5,prizepicks,0.6065063793080063,under,65.0,hit,False
2026-10-07,Baycurrent Classic,1,Ryo Hisatsune,strokes,68.5,prizepicks,0.6586261137893691,over,67.0,miss,False
2026-10-07,Baycurrent Classic,1,Keegan Bradley,strokes,68.5,prizepicks,0.6018358998591864,over,72.0,hit,False
2026-10-07,Baycurrent Classic,1,Steven Fisk,strokes,68.5,prizepicks,0.5892959235902473,over,74.0,hit,False
2026-10-07,Baycurrent Classic,1,Hideki Matsuyama,strokes,68.0,prizepicks,0.6457933232447519,over,67.0,miss,False
2026-10-07,Baycurrent Classic,1,Keith Mitchell,strokes,68.5,prizepicks,0.5334361182893317,over,66.0,miss,False
2026-10-07,Baycurrent Classic,1,Jacob Bridgeman,strokes,68.0,prizepicks,0.644710822733787,over,63.0,miss,False
2026-10-07,Baycurrent Classic,1,Xander Schauffele,strokes,67.5,prizepicks,0.6498427883042095,over,70.0,hit,False
2026-10-07,Baycurrent Classic,1,Jordan Spieth,strokes,68.5,prizepicks,0.6192195373792279,over,72.0,hit,False
2026-10-07,Baycurrent Classic,1,Maverick McNealy,strokes,68.0,prizepicks,0.6415098873983172,over,72.0,hit,False
2026-10-07,Baycurrent Classic,1,Max Homa,strokes,69.0,prizepicks,0.5856716924313763,over,65.0,miss,False
2026-10-07,Baycurrent Classic,1,Matt Wallace,strokes,68.5,prizepicks,0.5765175312384769,over,70.0,hit,False
2026-10-07,Baycurrent Classic,1,Adam Scott,strokes,68.0,prizepicks,0.690479591968446,over,69.0,hit,False
2026-10-07,Baycurrent Classic,1,Jackson Suber,strokes,68.5,prizepicks,0.616828880531045,over,72.0,hit,False
2026-10-07,Baycurrent Classic,1,Michael Kim,strokes,68.5,prizepicks,0.637948076468163,over,68.0,miss,False
2026-10-07,Baycurrent Classic,1,Kurt Kitayama,strokes,68.0,prizepicks,0.6507403798167071,over,71.0,hit,False
2026-10-07,Baycurrent Classic,1,Min Woo Lee,strokes,68.0,prizepicks,0.6942106621104001,over,67.0,miss,False
2026-10-07,Baycurrent Classic,1,Justin Thomas,strokes,68.0,prizepicks,0.6481589435022379,over,69.0,hit,False
2026-10-07,Baycurrent Classic,1,Wyndham Clark,strokes,67.5,prizepicks,0.7392506715604518,over,70.0,hit,False
