player,gir_pct,driving_accuracy,scoring_avg,birdie_rate_per_hole,coverage
Aaron Rai,0.6980005450828979,0.6982955511102571,69.90540811334928,0.22388595814625228,1.0
Cameron Young,0.6578466989290519,0.5710647818794878,70.17463888258006,0.23966800942830357,1.0
Ricky Castillo,0.6866674540086305,0.6054824627148157,69.89114505261564,0.22872416176680882,0.6
Adam Hadwin,0.6629620835444365,0.6184878588025646,70.34771580565699,0.22583894959924372,1.0
Stewart Cink,0.6666682413505943,0.5786315920962979,70.34895677189793,0.22126313834843248,0.15
Michael Gligic,0.6606682413505943,0.5782982587629646,70.78229010523127,0.20963350871880285,0.15
Scott Piercy,0.6640015746839276,0.6039649254296313,70.24895677189794,0.22592980501509913,0.15
J.J. Spaun,0.6930774681598211,0.617795551110257,69.7284850364262,0.232862453872748,1.0
Zac Blair,0.6678581551539535,0.6456917377761915,70.23147221050581,0.21478027147796053,0.4
Byeong Hun An,0.6622697758521288,0.5528340126487183,70.2131004210416,0.22766159917189333,1.0
Ryan Moore,0.6815724408682393,0.6606917377761915,70.2171864962201,0.21860566830335737,0.4
Dylan Wu,0.6812152980110964,0.6063345949190486,70.11004363907723,0.22958185877954787,0.4
Richy Werenski,0.6560015746839276,0.5976315920962979,70.5156234385646,0.22142980501509912,0.15
Mark Hubbard,0.6760005450828981,0.6249878588025646,69.95540811334929,0.23133467609497022,1.0
Kevin Tway,0.6837152980110963,0.5942631663476201,70.03861506764868,0.21648265243034148,0.4
Steven Fisk,0.7013341206752972,0.6074824627148157,69.9578117192823,0.22231675435940143,0.6
Alejandro Tosti,0.652826703137189,0.5653775795159426,70.37133091074267,0.2230933053440726,0.85
Greyson Sigg,0.6965390066213595,0.6375647818794877,69.95540811334929,0.21451202652232065,1.0
Chandler Phillips,0.6560875727024065,0.6175080142985513,70.0974178672644,0.22435417490929,0.85
Karl Vilips,0.6746674540086306,0.578815796048149,70.22447838594897,0.22739082843347552,0.6
Martin Laird,0.6841438694396679,0.6175488806333344,70.20290078193439,0.2246572556049447,0.4
Pierceson Coody,0.7008267031371891,0.6148993186463774,69.57133091074267,0.24556190437788902,0.85
Hank Lebioda,0.6720015746839276,0.5986315920962979,70.68229010523126,0.21244832353361764,0.15
S.Y. Noh,0.6690015746839277,0.5782982587629646,70.38229010523126,0.22392980501509913,0.15
Erik van Rooyen,0.6760774681598212,0.5954109357256415,70.28233119027236,0.23062741113770524,1.0
Noah Goodwin,0.6766674540086306,0.6468157960481489,70.1578117192823,0.22498342102606808,0.6
Robert MacIntyre,0.6766962683545804,0.6015949708202905,69.68002656291658,0.23060538263875857,0.85
Patrick Fishburn,0.7096527900937109,0.5981601882115948,69.81480917161224,0.22750876428127068,0.85
Raul Pereda,0.6259103792868499,0.5878803935333345,71.10369190428011,0.20096276975982857,0.25
Joe Highsmith,0.649522355311102,0.6151601882115948,70.55828743248179,0.22607398167257503,0.85
Zach Johnson,0.6776928527752057,0.6624109357256416,70.2707927287339,0.2155291205394147,1.0
Brian Harman,0.6623851604675133,0.637949397264103,70.05540811334929,0.2212000607103548,1.0
Adam Schenk,0.6585774681598211,0.57887247418718,70.3707927287339,0.22136031712061122,1.0
Russell Knox,0.6856682413505943,0.6119649254296313,70.3156234385646,0.21750387908917324,0.15
Sam Stevens,0.6726543912367442,0.5936417049564108,70.0284850364262,0.22055048806078215,1.0
Danny Walker,0.6566674540086306,0.5741491293814822,70.42447838594897,0.23883527287791992,0.6
Hayden Buckley,0.6693581551539535,0.6324774520619056,70.53861506764868,0.21255804925573832,0.4
Harris English,0.6637313143136674,0.6221417049564109,70.04771580565698,0.2130227102830044,1.0
Bud Cauley,0.6720875727024065,0.6111167099507253,70.0582874324818,0.2213734985807876,0.85
Brandt Snedeker,0.6612614857458847,0.6524645360376817,70.36698308465571,0.21810055172088422,0.85
Luke List,0.6817152980110963,0.58476316634762,70.30290078193438,0.22230408100177007,0.4
Trevor Werbylo,0.6603349080172609,0.5742982587629646,70.6156234385646,0.21405943464472876,0.15
S.H. Kim,0.6451438694396678,0.5833345949190486,70.25290078193439,0.22894693814462724,0.4
Brandon Matthews,0.661334908017261,0.5609649254296313,70.91562343856461,0.2160779531632473,0.15
Patrick Rodgers,0.6700774681598209,0.5924878588025646,69.91310042104159,0.23047142823172234,1.0
Mackenzie Hughes,0.6551159296982827,0.5708340126487184,70.2131004210416,0.21564450515479927,1.0
Kevin Roy,0.6835721034359691,0.6298421108984135,69.86383861652767,0.22782705929218533,0.75
Corey Conners,0.6901928527752057,0.64137247418718,69.99002349796467,0.2265654453257394,1.0
Kevin Chappell,0.6770010122968106,0.5902631663476201,70.29575792479153,0.21985170004938914,0.4
Michael Thorbjornsen,0.7140007873419638,0.6294824627148157,69.5578117192823,0.2420945321371792,0.6
Ryan Brehm,0.6614295837253821,0.5704774520619058,71.04575792479152,0.20724455719224627,0.4
Josh Teater,0.6763649247413953,0.619244029896971,70.7855100860983,0.21298297178003062,0.25
Will Zalatoris,0.6622740156504863,0.6024258480787892,70.37641917700739,0.21280620410326292,0.25
Robert Streb,0.668334908017261,0.5929649254296312,70.38229010523126,0.2153742494595436,0.15
Max McGreevy,0.6754292462931119,0.6504135394698419,70.13526718795626,0.22573975770488375,0.75
Tom Kim,0.6551928527752058,0.6191032434179493,70.35925426719544,0.22065518891548302,1.0
Adam Svensson,0.6737152980110963,0.6304060234904771,70.12432935336297,0.21890725560494467,0.4
Rafael Campos,0.6759103792868498,0.6024258480787892,70.37641917700739,0.2242708505679094,0.25
Collin Morikawa,0.6813082373905903,0.6790647818794877,69.79002349796467,0.23544151370180783,1.0
Jason Dufner,0.675334908017261,0.5962982587629646,70.48229010523127,0.22020758279287694,0.15
Chan Kim,0.6816962683545805,0.6158558403855079,69.97133091074267,0.22812712176919336,0.85
Max Homa,0.6607697758521289,0.5969109357256415,70.38233119027235,0.2262000607103548,1.0
MJ Daffue,0.6700015746839276,0.5979649254296313,70.34895677189793,0.22665202723732136,0.15
Kyle Westmoreland,0.668334908017261,0.561631592096298,70.58229010523127,0.21885573094102506,0.15
Jason Day,0.6581159296982826,0.6103724741871801,69.99771580565698,0.22824706925736338,1.0
Jhonattan Vegas,0.6804788770502325,0.568942796907247,70.336548302047,0.22440006862909676,0.85
Patton Kizzire,0.6872152980110964,0.6091917377761915,70.05290078193438,0.23488344608113515,0.4
Cody Gribble,0.6716682413505943,0.6046315920962979,70.34895677189793,0.2226705457558399,0.15
Roger Sloan,0.6713649247413953,0.6215167571696982,70.2855100860983,0.2224779212749801,0.25
Lucas Glover,0.6706928527752058,0.6679493972641031,70.1707927287339,0.22636031712061122,1.0
Matt Fitzpatrick,0.661423622005975,0.6092570895717954,70.18617734411852,0.22085390686420098,1.0
Isaiah Salinda,0.6826674540086306,0.6154824627148157,70.35781171928231,0.23372416176680882,0.6
Chesson Hadley,0.6799295837253821,0.5964774520619057,70.1314722105058,0.22760170004938912,0.4
Trevor Cone,0.6786682413505943,0.581631592096298,70.5156234385646,0.22204091612621024,0.15
Chris Stroud,0.6756682413505943,0.6039649254296313,70.34895677189793,0.21733721242250653,0.15
Peter Malnati,0.6410010122968106,0.5578345949190486,70.64575792479152,0.21345090639859549,0.4
Danny Willett,0.6506682413505943,0.5962982587629646,70.58229010523127,0.21063350871880285,0.15
Tom Whitney,0.680001288377759,0.6269713026242438,70.46732826791649,0.22472539602245484,0.25
Sami Välimäki,0.6763049640067543,0.6134645360376818,70.00176569335136,0.23096770147933832,0.85
Paul Haley II,0.6626682413505943,0.6222982587629646,70.58229010523127,0.21544832353361765,0.15
Keegan Bradley,0.6656928527752057,0.6105647818794877,70.05156195950313,0.22617228293257707,1.0
Michael Kim,0.6683082373905902,0.5906801664948724,70.08233119027236,0.2193410863513805,1.0
Hayden Springer,0.669044094441537,0.5894210577768122,70.00611351943832,0.2392454792571161,0.85
Paul Barjon,0.6518194701959408,0.5910622117151528,70.92187372246195,0.21613953743659625,0.25
Christiaan Bezuidenhout,0.6560774681598212,0.6271801664948723,70.10156195950313,0.21249065900095315,1.0
Mac Meissner,0.6786093118328413,0.6060297534289861,69.8887222150905,0.22518267732474895,0.85
Will Gordon,0.6891435320073976,0.5926992537555562,70.43526718795624,0.21263658310170913,0.75
Sean O'Hair,0.6686682413505943,0.6109649254296312,70.38229010523126,0.22255943464472877,0.15
Nick Dunlap,0.6557832248763196,0.5442906229942035,70.83654830204702,0.22418509278368612,0.85
Ryo Hisatsune,0.6899136596589283,0.6195080142985514,70.0582874324818,0.21877929568223686,0.85
Joseph Bramlett,0.6831438694396678,0.5706203092047629,70.08147221050582,0.22400646195415103,0.4
Troy Merritt,0.6631438694396677,0.6361203092047629,70.41004363907724,0.22416122385891296,0.4
Nicolai Højgaard,0.6836093118328412,0.5532906229942035,70.07133091074267,0.23371407829093252,0.85
Satoshi Kodaira,0.6770015746839276,0.6396315920962979,70.21562343856459,0.22552239760769174,0.15
Russell Henley,0.6833466989290518,0.6739878588025647,69.6207927287339,0.23154621455650864,1.0
Nick Taylor,0.6729236220059749,0.6330263203410262,70.05156195950313,0.22055903506932917,1.0
Rickie Fowler,0.659577468159821,0.6175263203410262,70.03617734411851,0.22837100088129503,1.0
Brendon Todd,0.6543581551539535,0.6477631663476201,70.17432935336295,0.2218437635414526,0.4
Thorbjørn Olesen,0.6875658335719717,0.6138123621246383,69.8887222150905,0.22769233916049772,0.85
Charley Hoffman,0.6730010122968106,0.5869774520619058,70.14575792479152,0.2301890016366907,0.4
Ben Silverman,0.6788267031371891,0.6293775795159426,69.99307004117745,0.2230715662136378,0.85
Justin Suh,0.6685010122968107,0.6206203092047629,70.28147221050581,0.23131598576367485,0.4
Alex Smalley,0.6874236220059748,0.6227186280333339,69.79386965181082,0.23271288122317535,1.0
Chris Gotterup,0.68873974661545,0.5558993186463774,69.7278526498731,0.23027204930542527,0.85
Daniel Berger,0.6853919205284935,0.6571601882115948,70.14089612813397,0.2218565903682272,0.85
Ben Taylor,0.6535010122968106,0.5616917377761915,70.77432935336296,0.21053820798589706,0.4
Jonathan Byrd,0.6640015746839276,0.6072982587629646,70.44895677189794,0.21561499020028432,0.15
Billy Horschel,0.6616438694396678,0.6210488806333343,70.1314722105058,0.22038344608113516,0.4
Matti Schmid,0.684423622005975,0.5889878588025645,70.06694657488775,0.2384115991718933,1.0
William McGirt,0.6660015746839276,0.6219649254296313,70.38229010523126,0.2180779531632473,0.15
Stephan Jaeger,0.6619620835444364,0.575295551110257,70.13233119027237,0.2334586077189018,1.0
Dylan Frittelli,0.645334908017261,0.559631592096298,70.78229010523127,0.2144853605706547,0.15
Wilson Furr,0.6677285611050316,0.5760622117151528,70.55823735882558,0.2178062041032629,0.25
Austin Eckroat,0.6761928527752057,0.6493340126487184,70.27463888258006,0.22465518891548303,1.0
Matt Wallace,0.6752697758521287,0.58537247418718,69.97463888258005,0.22096715472744888,1.0
Andrew Novak,0.6528082373905904,0.5839493972641031,70.08617734411852,0.22218724019753433,1.0
Ben Martin,0.6740015746839276,0.6112982587629646,70.21562343856459,0.2263001753854695,0.15
Jimmy Walker,0.6603349080172609,0.5772982587629646,70.48229010523127,0.21792980501509912,0.15
Jorge Campillo,0.6668194701959407,0.6106076662606074,70.10369190428013,0.21995266874972758,0.25
Kurt Kitayama,0.6728851604675135,0.5797186280333338,69.72463888258005,0.23360604361633774,1.0
Shane Lowry,0.6696543912367441,0.6310263203410262,70.15540811334928,0.21500988977018387,1.0
Paul Peterson,0.6726674540086306,0.6888157960481489,70.09114505261563,0.22802045806310514,0.6
Brandon Wu,0.675929583725382,0.6124774520619057,70.18147221050582,0.2250183667160558,0.4
Lucas Herbert,0.6536682413505943,0.5889649254296312,70.38229010523126,0.22372610131139542,0.15
Kelly Kraft,0.6700015746839276,0.6252982587629646,70.34895677189793,0.21994832353361765,0.15
Justin Thomas,0.6579620835444364,0.5564878588025646,69.89386965181083,0.2440846760949702,1.0
Sepp Straka,0.6871159296982827,0.6517570895717955,69.95156195950312,0.2332769837872779,1.0
Sungjae Im,0.6454620835444365,0.6483340126487185,70.03617734411851,0.23214023165052577,1.0
Jake Knapp,0.6696527900937108,0.569942796907247,69.98437438900353,0.24003050341170545,0.85
Tony Finau,0.6665774681598211,0.584449397264103,70.40925426719544,0.22477912053941468,1.0
Jordan Spieth,0.6533466989290517,0.5931801664948723,70.17848503642621,0.22668296669326082,1.0
Beau Hossler,0.6631543912367441,0.5741417049564108,69.98617734411852,0.23017228293257708,1.0
Martin Trainer,0.6486438694396678,0.5770488806333344,70.8671864962201,0.2136294778271669,0.4
Tommy Fleetwood,0.6622697758521288,0.6457186280333338,69.69771580565698,0.22924706925736338,1.0
Tom Hoge,0.6528851604675134,0.6037570895717954,70.42848503642621,0.22597783848813263,1.0
Trace Crowe,0.6677285611050316,0.6024258480787892,70.14914644973467,0.23540721420427302,0.25
Denny McCarthy,0.6586543912367442,0.6114493972641031,70.04002349796467,0.21977484703514116,1.0
Xander Schauffele,0.6769236220059749,0.57937247418718,69.71694657488774,0.23292655643685056,1.0
Rasmus Højgaard,0.6686674540086305,0.572815796048149,70.22447838594897,0.23420564324829032,0.6
Carl Yuan,0.6567152980110964,0.5871917377761914,70.6171864962201,0.21999058893827805,0.4
Doug Ghim,0.7030390066213597,0.6452570895717955,69.85156195950314,0.22737741113770527,1.0
David Lingmerth,0.6500015746839276,0.6262982587629646,70.54895677189793,0.21705943464472877,0.15
Rory McIlroy,0.6717697758521288,0.5532570895717954,69.46310042104159,0.2383752743855685,1.0
Séamus Power,0.6791159296982827,0.6257186280333338,69.99386965181084,0.22432185558214973,1.0
Kevin Dougherty,0.6781831065595771,0.585153120806062,70.46732826791649,0.21750317380023262,0.25
Ryan Palmer,0.6583581551539535,0.6241917377761914,70.5171864962201,0.21755011274780184,0.4
Chez Reavie,0.6807152980110963,0.6443345949190487,70.39575792479152,0.21481201750970658,0.4
Tyler Duncan,0.680286726582525,0.6427631663476201,70.35290078193438,0.21354217623986532,0.4
Henrik Norlander,0.6906928527752059,0.6386801664948722,70.03233119027236,0.21859322310351725,1.0
Chris Kirk,0.6719620835444364,0.6187570895717954,70.15540811334928,0.22456971883001298,1.0
Ludvig Åberg,0.6756928527752057,0.6096801664948723,69.75156195950314,0.24076630002659416,1.0
Takumi Kanaya,0.6653341206752972,0.6954824627148156,69.89114505261564,0.22002045806310516,0.6
Davis Thompson,0.6873851604675134,0.6240647818794878,69.92848503642621,0.2333731376334317,1.0
Erik Barnes,0.6454558338323044,0.5737894844424256,70.92187372246195,0.2159122647093235,0.25
Doc Redman,0.6796682413505943,0.6102982587629646,70.41562343856461,0.2220779531632473,0.15
Keith Mitchell,0.6935005450828979,0.6049493972641031,69.62848503642621,0.24556544532573948,1.0
Aaron Baddeley,0.6545724408682392,0.5884060234904771,70.36004363907725,0.2171215413192304,0.4
Lee Hodges,0.6897697758521288,0.6371032434179493,69.83233119027237,0.2217278384881326,1.0
Justin Rose,0.6476543912367443,0.60337247418718,70.40156195950313,0.23140091541120955,1.0
Eric Cole,0.647077468159821,0.57937247418718,70.07079272873389,0.233896641906936,1.0
Ryan Fox,0.6532180074850152,0.5442471447333339,70.24089612813397,0.22563678360494216,0.85
Taylor Montgomery,0.6371928527752058,0.5339109357256416,70.02463888258006,0.23879407780437195,1.0
Cameron Champ,0.6795724408682391,0.6049060234904772,70.38861506764867,0.2157326524303415,0.4
David Lipsky,0.6753851604675134,0.6347570895717954,70.33617734411852,0.2182235649838591,1.0
Jacob Bridgeman,0.6636527900937108,0.6032036664724643,69.86698308465571,0.2349894406097731,0.85
Harry Hall,0.6589236220059751,0.5805263203410261,69.35540811334928,0.25054621455650866,1.0
Tano Goya,0.6756682413505943,0.6082982587629646,70.21562343856459,0.23002239760769172,0.15
Andrew Landry,0.6600015746839276,0.6169649254296312,70.64895677189793,0.2140779531632473,0.15
Harry Higgs,0.6564292462931118,0.5879849680412705,70.66383861652768,0.22285086881599486,0.75
Camilo Villegas,0.6538701813980586,0.5608993186463775,70.80611351943833,0.2240957208030098,0.85
K.H. Lee,0.675929583725382,0.6128345949190486,70.04575792479153,0.22196281116050026,0.4
Zecheng Dou,0.6720015746839276,0.5846315920962979,70.34895677189793,0.22459647168176583,0.15
Viktor Hovland,0.6743082373905904,0.6209493972641031,69.93617734411852,0.24086031712061123,1.0
C.T. Pan,0.6803581551539535,0.6206203092047629,69.98147221050581,0.2196294778271669,0.4
Matt Kuchar,0.6666543912367442,0.6442570895717954,69.93617734411852,0.22391800942830353,1.0
Kramer Hickok,0.675334908017261,0.6142982587629646,70.3156234385646,0.21600387908917323,0.15
Min Woo Lee,0.6498267031371892,0.5720297534289862,70.40611351943832,0.22264886089962815,0.85
Matthieu Pavon,0.6654558338323044,0.6169713026242438,70.37641917700739,0.21932135561841443,0.25
Garrick Higgo,0.692846698929052,0.5835647818794877,69.65925426719545,0.25286886412915827,1.0
Brian Campbell,0.6313341206752972,0.6468157960481489,70.82447838594896,0.21883527287791996,0.6
Nick Hardy,0.6870010122968107,0.5939774520619057,70.22432935336296,0.2263556683033574,0.4
Webb Simpson,0.643929583725382,0.6026917377761914,70.6171864962201,0.21211757306526213,0.4
Cam Davis,0.6438851604675134,0.5696801664948723,70.65925426719544,0.22336459062488473,1.0
Brent Grant,0.6746682413505943,0.6149649254296312,70.54895677189793,0.22368906427435842,0.15
Adrien Dumont de Chassart,0.6663649247413953,0.5819713026242437,70.37641917700739,0.2206597394567983,0.25
Callum Tarren,0.6693581551539536,0.5569774520619057,70.63861506764866,0.2162683667160558,0.4
Victor Perez,0.6768194701959408,0.6028803935333347,70.05823735882558,0.21601327481033364,0.25
Wyndham Clark,0.6625774681598211,0.5651417049564108,69.96310042104159,0.23725775301804714,1.0
Scott Harrington,0.6680015746839276,0.5786315920962979,70.54895677189793,0.22404091612621024,0.15
Brice Garnett,0.6921438694396678,0.64926316634762,70.1314722105058,0.22291122385891293,0.4
Ben Griffin,0.6877313143136674,0.59487247418718,69.47463888258005,0.23447356498385907,1.0
Aldrich Potgieter,0.6533341206752972,0.5721491293814823,70.49114505261564,0.22579823584088288,0.6
J.T. Poston,0.6666543912367442,0.6403340126487185,70.09002349796467,0.2260504880607822,1.0
Brian Stuard,0.6546682413505943,0.6186315920962979,70.58229010523127,0.21520758279287694,0.15
Austin Cook,0.6640015746839276,0.6206315920962979,70.38229010523126,0.21980017538546953,0.15
Matthias Schwab,0.665334908017261,0.6079649254296313,70.5156234385646,0.21424461982991394,0.15
Vincent Norrman,0.678929583725382,0.5911203092047629,70.72432935336296,0.20845487465256374,0.4
Gary Woodland,0.6720005450828981,0.5847186280333339,70.2784850364262,0.21731758207787621,1.0
Adam Scott,0.6633082373905903,0.5821801664948723,70.24002349796466,0.2279073256676198,1.0
Scottie Scheffler,0.710769775852129,0.6305647818794877,68.55925426719544,0.2600804025906967,1.0
Nico Echavarria,0.6753851604675134,0.6316417049564109,69.96694657488774,0.23135177011206426,1.0
Sam Ryder,0.6664236220059749,0.6129878588025647,70.00540811334929,0.23600347951377365,1.0
Ben Kohles,0.6836376520141225,0.6506076662606073,70.2855100860983,0.22154357784063666,0.25
Nick Watney,0.658334908017261,0.5646315920962979,70.84895677189793,0.21222610131139544,0.15
Rico Hoey,0.7103049640067542,0.648942796907247,69.59741786726441,0.23815369181750254,0.85
Tyrrell Hatton,0.6680015746839276,0.6009649254296312,69.98229010523127,0.2273001753854695,0.15
Thomas Detry,0.652500545082898,0.5817955511102569,70.32848503642622,0.21943296669326084,1.0
Jeremy Paul,0.6840007873419638,0.5854824627148156,69.9578117192823,0.22416860621125329,0.6
Wesley Bryan,0.6755010122968106,0.5911917377761915,70.14575792479152,0.23380408100177008,0.4
Frankie Capan III,0.6240007873419637,0.506815796048149,70.89114505261564,0.21039082843347548,0.6
Kevin Streelman,0.6730724408682391,0.6168345949190486,70.37432935336295,0.2178834460811352,0.4
Justin Lower,0.6754620835444365,0.6222570895717954,70.25156195950312,0.22761031712061125,1.0
Tyson Alexander,0.649786726582525,0.5746917377761915,70.71004363907724,0.21858582703351614,0.4
Ryan Gerard,0.6620007873419638,0.6241491293814823,70.1578117192823,0.21557601361866066,0.6
William Mouw,0.6940007873419638,0.6141491293814823,69.89114505261564,0.23272416176680885,0.6
Augusto Núñez,0.6750015746839277,0.5909649254296312,70.44895677189794,0.21696684205213618,0.15
Sung Kang,0.6706682413505943,0.5766315920962979,70.58229010523127,0.219318693903988,0.15
Carson Young,0.6895390066213596,0.6609109357256415,70.03617734411851,0.23130262481291897,1.0
Jesper Svensson,0.6746674540086306,0.5794824627148156,69.82447838594896,0.2403908284334755,0.6
Maverick McNealy,0.6723082373905902,0.5930647818794876,69.84386965181083,0.2269692914795856,1.0
Si Woo Kim,0.6642697758521288,0.6552570895717955,69.83617734411851,0.23171501797531208,1.0
Davis Riley,0.6456543912367442,0.5706032434179493,70.5207927287339,0.2245718555821497,1.0
Ryan McCormick,0.6768194701959408,0.580153120806062,70.51278281337103,0.22366478996184877,0.25
Matt NeSmith,0.6882152980110963,0.6207631663476201,70.39575792479152,0.21134376354145262,0.4
Robby Shelton,0.6585724408682392,0.59926316634762,70.28861506764866,0.22447868417637326,0.4
Trey Mullinax,0.658334908017261,0.5659649254296313,70.68229010523126,0.21776313834843247,0.15
Kristoffer Ventura,0.6873341206752972,0.6194824627148157,69.9578117192823,0.23224268028532735,0.6
Cameron Percy,0.6780015746839276,0.6146315920962979,70.34895677189793,0.21505943464472876,0.15
Vince Whaley,0.6766527900937108,0.5698123621246383,69.69307004117745,0.23205465800107744,0.85
Kevin Kisner,0.6486376520141226,0.6124258480787892,70.96732826791649,0.20684660814366695,0.25
Taylor Pendrith,0.6821159296982826,0.5849493972641031,70.0131004210416,0.22914023165052577,1.0
Austin Smotherman,0.6908581551539535,0.624620309204763,70.16718649622011,0.22234376354145263,0.4
Matt McCarty,0.6686674540086305,0.6354824627148156,69.89114505261564,0.2374649025075496,0.6
Blaine Hale Jr.,0.6622740156504863,0.5728803935333346,70.7855100860983,0.2185132748103336,0.25
James Hahn,0.6743349080172609,0.6182982587629646,70.48229010523127,0.21824461982991394,0.15
Kevin Yu,0.7021928527752057,0.6174109357256415,69.69002349796467,0.23821074447103857,1.0
Jackson Suber,0.6793341206752972,0.5834824627148156,70.1578117192823,0.2286871247297718,0.6
Joel Dahmen,0.6870390066213594,0.6705263203410261,70.15156195950313,0.2210889495992437,1.0
Hideki Matsuyama,0.6633082373905905,0.5912186280333339,69.88233119027237,0.22865091541120952,1.0
Lanto Griffin,0.6818466989290519,0.6161417049564109,70.34002349796467,0.22192441968471383,1.0
Harrison Endycott,0.667334908017261,0.6109649254296312,70.41562343856461,0.2200779531632473,0.15
Ryan Armour,0.6770015746839276,0.6399649254296312,70.41562343856461,0.21685573094102506,0.15
Scott Stallings,0.666334908017261,0.5909649254296312,70.48229010523127,0.2148742494595436,0.15
Chad Ramey,0.6810774681598211,0.6312570895717955,70.08233119027237,0.22644578720608133,1.0
Jim Herman,0.6716682413505943,0.6226315920962979,70.68229010523126,0.21289276797806211,0.15
Taylor Moore,0.6701159296982826,0.589949397264103,70.13617734411852,0.2242556162659104,1.0
Andrew Putnam,0.6920005450828981,0.6715263203410262,69.85925426719544,0.2205718555821497,1.0
Parker Coody,0.6659103792868498,0.5719713026242437,70.33096463155286,0.2119981232951821,0.25
Emiliano Grillo,0.6759620835444364,0.648795551110257,70.0784850364262,0.2247064709667651,1.0
Alex Noren,0.6729295837253821,0.6045488806333343,69.90290078193439,0.22021281116050023,0.4
Jon Rahm,0.6816682413505943,0.5952982587629646,69.78229010523127,0.23524461982991396,0.15
Akshay Bhatia,0.6745390066213597,0.6184109357256415,69.94002349796467,0.23799065900095312,1.0
David Skinns,0.6848701813980587,0.5834210577768122,70.27133091074268,0.22112712176919336,0.85
Sam Burns,0.6575005450828979,0.6011032434179493,69.80156195950313,0.23996288122317533,1.0
Adam Long,0.6676682413505943,0.6272982587629645,70.3156234385646,0.2203742494595436,0.15
Sahith Theegala,0.662846698929052,0.5769493972641031,70.42848503642621,0.23055262481291894,1.0
Patrick Cantlay,0.679577468159821,0.5992186280333339,69.8131004210416,0.23739450515479926,1.0
Nate Lashley,0.6865010122968106,0.6284060234904771,70.03861506764868,0.22174058893827803,0.4
Max Greyserman,0.6649136596589282,0.5772906229942034,70.03220047596007,0.23867784640687456,0.85
